Text,label
"patten was elected member of parliament for bath in 1979. he was appointed secretary of state for the environment by margaret thatcher in 1989 as part of her third ministry, becoming responsible for implementation of the unpopular poll tax. on john major's succession as prime minister in 1990, patten became chairman of the conservative party and chancellor of the duchy of lancaster. as party chairman, he successfully orchestrated a surprise conservative electoral victory in 1992, but lost his own seat.",0
"bitcoin, the pioneering cryptocurrency launched in 2009 by satoshi nakamoto, operates on blockchain technology for decentralized, peer-to-peer transactions without intermediaries, capping supply at 21 million coins to mimic digital gold amid growing institutional adoption via etfs and corporate treasuries like microstrategy's holdings. trading around $68,900 as of february 2026 after peaking near $126,000 last year, it faces volatility from macroeconomic shifts, regulatory clarity under president trump's pro-crypto stance, and halving events that historically spark bull runs—yet predictions for 2026 span $75,000 lows to $225,000 highs driven by etf inflows and scarcity. in india, platforms like wazirx enable rupee trading despite rbi scrutiny, offering students in indore portfolio diversification alongside gig economy hustles; risks like 60% drawdowns and hacks persist, but lightning network upgrades enhance scalability for everyday use, positioning bitcoin as a hedge against inflation in emerging markets while sparking debates on energy use versus proof-of-stake alternatives—ultimately, its resilience underscores a financial paradigm shift rewarding long-term holders over speculators.",1
"the word essay derives from the french infinitive essayer, ""to try"" or ""to attempt"". in english essay first meant ""a trial"" or ""an attempt"", and this is still an alternative meaning. the frenchman michel de montaigne (1533–1592) was the first author to describe his work as essays; he used the term to characterize these as ""attempts"" to put his thoughts into writing.",0
"transformer architectures in modern recommendation systems transformers revolutionize recommendation engines by capturing long-range dependencies through self-attention mechanisms—unlike rnns, they process entire sequences in parallel, powering models like bert4rec or sasrec that embed user histories and item features into dense vectors for next-item prediction, ideal for your fastapi-based internship matcher querying chroma db for similar profiles via cosine similarity on 512-dim embeddings. multi-head attention weighs interactions dynamically, handling sparse indian datasets with dropout and layer norm for stability, while positional encodings preserve sequence order in cinema forecasting tasks predicting audience turnout from time-series ticket data; scaled dot-product attention scales to millions via efficient implementations in pytorch, deployed in docker containers with postman validation, outperforming matrix factorization by 20-30% on metrics like ndcg@10 through pre-training on unlabeled logs and fine-tuning with contrastive loss. in production, they integrate with gans for synthetic users or diffusion for personalized visuals, but demand techniques like gradient checkpointing for memory efficiency during late-night training sessions—unlocking scalable, accurate recsys that turn raw sqlite data into actionable insights for hackathons and beyond.",1
"on 24 february 2022, russia invaded ukraine, starting the largest and deadliest war in europe since world war ii. it is a major escalation of the war between the two countries that began when russia attacked ukraine in 2014.[14][15][16] the fighting has caused hundreds of thousands of military casualties and tens of thousands of ukrainian civilian casualties. as of february 2026, russian troops occupy almost 20% of ukraine.[17] from a population of 41 million, about 8 million ukrainians have been internally displaced[18] and 6–7 million have fled the country,[19] creating europe's largest refugee crisis since world war ii.",0
"fionn loch is part of the fionn loch drainage system and is fed with water from river ledbeg which drains loch urigill, due south-by-south east and loch borralan, to the east of urigill.[6] loch veyatie directly south, drains through uidh fheàrna, a slow-moving channel into fionn loch.[6] the drainage system was once a large lake, loch suilven that is now made up of cam loch, veyatie and fionn loch.[6] a vast number of lochs and lochans surround fionn loch, the biggest is the large irregular-shaped loch sionascaig along with inverpolly forest directly south.",0
"recommendation systems, powered by collaborative filtering, content-based algorithms, and deep learning like transformers or embeddings in chroma db, silently shape our world by personalizing netflix binges, amazon purchases, and spotify playlists—delivering 75% of netflix views through ml magic that analyzes your watches to suggest hidden gems, much like your pm internship matcher pairs skills with opportunities using vector similarity in fastapi apps. in india, from flipkart's sales boosts to zomato's meal picks amid indore's street food scene, these engines drive economies by increasing engagement 30–50%; techniques like matrix factorization handle sparse data from sqlite stores, while gans generate synthetic users for better training, but biases in datasets risk echo chambers, demanding fair ml practices with chi-square tests for validation. deployed via docker on render, they scale to millions, blending user history, demographics, and real-time feedback for uncanny accuracy—ultimately empowering creators, businesses, and users in a data-driven era where your next favorite thing is just an algorithm away.",1
"mlops: streamlining ml from dev to production mlops bridges the gap between experimental ml models and reliable production systems by automating pipelines for data ingestion, training, validation, deployment, and monitoring—think ci/cd with github actions triggering docker builds of your internship matcher, where fastapi serves transformer embeddings from chroma db via endpoints tested in postman, ensuring reproducibility across indore laptops to render clouds. key practices include versioning datasets in dvc, orchestrating workflows with kubeflow or airflow for chi-square validated features, and a/b testing recsys variants to boost ndcg by 15% on sparse cinema data; containerization handles dependencies like pytorch and sqlite, while mlflow tracks experiments and prometheus alerts on drift in live traffic forecasts. in india's hackathon scene, it cuts deployment time from days to hours, integrates gan-augmented data for robustness, and scales via kubernetes—empowering late-night coders to monitor models proactively, rollback gracefully, and iterate ethically for real-world impact without the usual production nightmares.",1
"saadi youssef studied arabic literature in baghdad.[2] he was influenced by the free verse of shathel taqa and abd al-wahhab al-bayyati and was also involved in politics from an early age. at that time, his work was heavily influenced by his socialist and pan-arab sympathies but has since also taken a more introspective, lyrical turn. he has also translated many well-known writers into arabic, including oktay rifat, melih cevdet anday, garcia lorca, yiannis ritsos, walt whitman and constantine cavafy. following his exile from iraq, youssef has lived in many countries, including algeria, lebanon, france, greece, cyprus, and resided in london until his death.[4]",0
"red dead redemption 2 is a 2018 action-adventure game developed and published by rockstar games. the game is the third entry in the red dead series and a prequel to the 2010 game red dead redemption. the story is set in a fictionalized representation of the united states in 1899 and follows the exploits of arthur morgan, an outlaw and member of the van der linde gang, who must face the challenges of a declining wild west, while attempting to survive against government forces, rival gangs, and other adversaries. the game is presented through first- and third-person perspectives, and the player may freely roam its interactive open world. gameplay elements include shootouts, robberies, hunting, horseback riding, interacting with non-player characters, and maintaining the character's honor rating through moral choices and deeds. a bounty system governs the response of law enforcement and bounty hunters to crimes committed by the player.",0
"artificial intelligence (ai) is reshaping the global workforce, automating routine tasks while unlocking new opportunities for creativity and efficiency. from chatbots handling customer queries to ml models predicting market trends, ai promises productivity gains but sparks debates on job displacement. as tools like transformers and diffusion models evolve, understanding ai's dual impact is crucial for thriving in tomorrow's economy.",1
"in late 2021, russia massed troops near ukraine's borders and issued demands to the west, including a ban on ukraine ever joining nato.[20][21] after repeatedly denying having plans to attack ukraine, on 24 february 2022, russian president vladimir putin announced a ""special military operation"", saying that it was to support the russian-backed breakaway republics of donetsk and luhansk, whose paramilitary forces had been fighting ukraine in the donbas war since 2014. putin espoused irredentist and imperialist views challenging ukraine's legitimacy as a state, baselessly claimed that the ukrainian government were neo-nazis committing genocide against the russian minority in the donbas, and said that russia's goal was to ""demilitarise and denazify"" ukraine.[d] russian air strikes and a ground invasion were launched on a northern front from belarus towards the capital kyiv, a southern front from occupied crimea, and an eastern front from the donbas towards kharkiv. ukraine enacted martial law, ordered a general mobilisation, and severed diplomatic relations with russia.",0
linda jean burney (born 25 april 1957) is an australian labor party (alp) politician who was the member of parliament (mp) for the division of barton from 2016 to 2025. she was the minister for indigenous australians from 2022 to july 2024. she was formerly a member of the new south wales legislative assembly (mla) for the district of canterbury from 2003 to 2016 and previously a teacher.,0
"burney was a member of the new south wales legislative assembly representing canterbury for labor from 2003 to 2016. during this election time she was the new south wales deputy leader of the opposition and was also shadow minister for education and shadow minister for aboriginal affairs. in the keneally ministry, she was the minister for the state plan and minister for community services. during 2008 and 2009, burney served as the national president of the labor party.",0
"the black mafia family (bmf) is a drug trafficking and money laundering organization in the united states. it was founded in 1985, in southwest detroit, by brothers demetrius edward ""big meech"" and terry lee ""southwest tee"" flenory. by 2000, it had established cocaine distribution sales throughout the united states through its los angeles–based drug source and direct links to mexican drug cartels.[8][9] the black mafia family operated from two main hubs: one in atlanta for distribution, run by demetrius flenory; and one in los angeles to handle incoming shipments from mexico, run by terry flenory.[10]",0
"quantum computing harnesses qubits' superposition and entanglement to solve problems classical computers can't touch, promising revolutions in drug discovery, cryptography, and optimization—imagine simulating molecules for new medicines in hours versus years, or cracking logistics puzzles for efficient supply chains like those in indore's growing tech scene. giants like ibm and google push boundaries with 100+ qubit systems, while india's quantum mission invests ₹6,000 crore in startups and talent, blending it with ml for hybrid models in recommendation engines or forecasting. challenges like error-prone qubits and high costs persist, demanding advances in error correction and scalable hardware, yet breakthroughs like google's 2019 supremacy claim signal momentum; for developers wielding python and fastapi, quantum apis from aws braket offer early experimentation, positioning india at the forefront of this paradigm shift that could supercharge ai, secure data against hacks, and optimize renewable grids—ultimately redefining computation's limits if we bridge the hype-to-reality gap through collaborative innovation.",1
"diffusion models for generative ai diffusion models iteratively denoise random noise into coherent data—like images, audio, or even recommendation embeddings—outshining gans in stability and diversity through forward noising and reverse sampling processes, powering tools like stable diffusion that generate hyper-realistic visuals from text prompts in seconds, perfect for augmenting sparse datasets in your internship matching system via fastapi endpoints serving synthetic pm profiles. trained with variational bounds on kl divergence, they scale via u-net backbones with attention layers akin to transformers, handling high-res outputs on consumer gpus during late-night indore sessions; in cinema forecasting, diffuse synthetic audience patterns to train robust lstms on chi-square validated time-series from sqlite, deployed dockerized on render with postman tests for real-time inference. unlike gans' mode collapse, diffusion excels in controllable generation—add classifiers for conditional outputs or classifiers-free guidance for sharper results—boosting recsys creativity while mitigating biases, positioning them as 2026's go-to for ethical, scalable generative ml that transforms hackathon prototypes into production powerhouses.",1
"the black mafia family under demetrius flenory entered the hip-hop music business as bmf entertainment in the early 2000s as a front organization to launder money from cocaine sales and to legitimize itself. bmf entertainment served as a promoter for several high-profile hip-hop artists, and as a record label for their sole artist bleu davinci. demetrius flenory and the black mafia family became famous in hip-hop culture for their highly extravagant lifestyles.",0
"space exploration's next frontier space exploration surges ahead with reusable rockets like spacex's starship slashing launch costs to $10 million per flight, enabling mars colonization dreams through 2026 missions targeting crewed landings by 2028, while india's gaganyaan readies astronauts for low-earth orbit amid chandrayaan-4's lunar south pole quest for water ice. private ventures like blue origin's orbital tourism and nasa's artemis program rebuild moon bases with 3d-printed habitats, fueling asteroid mining for rare metals worth trillions to power indore's tech hubs; challenges like radiation shielding and life support spur innovations in closed-loop ecosystems and nuclear propulsion, blending international pacts like the artemis accords with competitive rivalries. for students balancing hackathons and stargazing, this era promises breakthroughs in zero-g manufacturing and exoplanet telescopes spotting earth-like worlds, redefining humanity as multi-planetary while grappling ethical dilemmas over space debris and resource claims—ultimately thrusting us toward interstellar futures where curiosity outpaces gravity's pull.",1
"the gig economy's transformative impact the gig economy—fueled by platforms like uber, swiggy, and upwork—has redefined work for millions, offering flexible income through on-demand tasks from driving in indore traffic to freelance coding gigs, with india's market projected to hit $455 billion by 2025 amid urbanization and smartphone penetration. it empowers students and early-career pros with side hustles during late-night study breaks, bypassing traditional 9-5 rigidity for skill-based earnings via ratings and reviews, yet challenges like income volatility, zero benefits, and overwork spark calls for regulations such as minimum wages and insurance. in madhya pradesh, rural migrants fuel urban deliveries while urbanites tutor online, blending opportunity with exploitation; success hinges on digital literacy, savings buffers, and platforms evolving toward fair algorithms—ultimately reshaping labor markets into dynamic, merit-driven ecosystems where adaptability trumps pedigree, though sustainable growth demands policy balance to protect the vulnerable without stifling innovation.",1
"advances in deep generative models generative models like gans, transformers, and diffusion architectures are exploding in 2026, enabling realistic data synthesis for recommendation systems—gans generate diverse user profiles to combat cold-start issues and sparse data in apps like your internship matcher, outperforming baselines on datasets like movielens by learning nuanced preferences through adversarial training. transformers dominate with attention mechanisms extending to vision and rl, hybrid nemotron-h models blending them with mamba for faster inference and higher accuracy, while efficiency tweaks like quantization suit edge deployment. diffusion models shine in production via fastapi wrappers for stable diffusion, serving image/text prompts scalably on aws ec2 with swagger docs, democratizing ai for real-time apps tested via postman—ideal for dockerized ml pipelines handling indian datasets. these tools boost recsys diversity, fill data gaps, and scale via rl optimization, but demand bias mitigation and interpretability; in your late-night sessions, fine-tune them with chi-square validation for cinema forecasting, unlocking personalized, efficient ai that pushes boundaries from hackathons to global impact.",1
"edge ai processes machine learning directly on devices like smartphones, drones, or iot sensors—bypassing cloud latency for instant decisions, as in self-driving cars detecting obstacles via lightweight models like mobilenet or your cinema forecasting app running predictions on edge servers during peak hours. in india, it powers smart agriculture in madhya pradesh farms using raspberry pi for crop health via computer vision, slashes data costs on unreliable networks, and enables privacy-focused apps with on-device embeddings for recommendation systems; frameworks like tensorflow lite and onnx optimize models for arm chips, deployable in docker containers tested via postman, handling time-series data with lstms for indore traffic cams that predict jams 85% accurately. challenges like power constraints spur quantization and pruning techniques, yet 5g rollout amplifies potential—unlocking autonomous drones for disaster response, personalized health wearables, and efficient aws edge instances, transforming late-night coding sessions into scalable, real-world impact.",1
"retrieval-augmented generation (rag) in production ml retrieval-augmented generation (rag) supercharges llms by fetching relevant docs from vector stores like chroma db or pinecone—embedding queries with sentencetransformers, retrieving top-k chunks via cosine similarity, then feeding them to models like llama for grounded responses, slashing hallucinations 70% in recsys like your internship matcher that pulls pm profiles for tailored suggestions. in 2026, advanced rag uses hybrid search (bm25 + dense vectors), reranking with cross-encoders, and fine-tuned retrievers via colbert for 40% better precision, deployed scalably with fastapi routers handling async queries, rate-limiting, and postman-tested endpoints on dockerized render instances. for indian datasets, preprocess with indic embeddings and chi-square filtering to handle multilingual noise, integrating diffusion for visual recs or gans for data aug; challenges like query drift yield to agentic loops and self-improvement, enabling real-time apps from cinema forecasting to personalized learning—streamlining your iterative dev from local sqlite prototypes to production gold.",1
"air shows took place at naval air station brunswick on random years throughout the 1980s, 1990s and early 2000s organized by the united states navy and featuring dozens of military and civilian aerial performers. the 33rd annual great state of maine air show which took place in 2008 was expected to be the last, as brunswick was expected to be closed by the 2005 base realignment and closure process.[1] a record number of 150,000 people showed up for the two-day event.[2] the base was officially decommissioned on 31 may 2011 with an onsite ceremony. on the same year it was announced that the great state of maine air show would return to the skies of brunswick on august 26 and 27 of 2011, it would be organized and put-up by an all-volunteer base without the participation from the us military.[3] the show would take place on the same location as before as the naval station had become brunswick executive airport. despite not being organized by the military, the united states navy blue angels were still to be featured at the show after their first appearance in maine since 2007. the united states air force also supported the event with the a-10 thunderbolt ii demonstration and a usaf heritage flight. civilian aerobatic and warbird performances rounded out the rest of the show. military static displays were canceled due to hurricane irene which was moving towards the south. despite some bad weather, the show was still an overall success. the next show took place on august 25 and 26, 2012 with an additional night air show on august 24, it was headlined by the usaf thunderbirds and also featured the f/a-18c hornet demonstration from the us navy. the texas flying legends museum which is based at wiscasset airport for part of the year, brought over a restored b-25 mitchell, p-51d mustang, p-40 warhawk, f4u corsair, and one of only two flyable mitsubishi a6m zeros to the show and participated in a warbird flight that involved mock-aerial combat. the planned 2013 show was canceled due to budget cuts in congress known as sequestration. the show did not take place in 2014 either because the organizers failed to book a head-lining military act. that year however, the blue angels announced their 2015 schedule which included the great state of maine air show.[4]",0
"artificial intelligence (ai) is a groundbreaking technology shaping the future of industries and everyday life. from advanced robotics and self-driving cars to virtual assistants and personalised recommendations, ai is revolutionising the way we work, live, and interact. this page consists of essays on artificial intelligence tailored to different lengths and needs, including 100, 150, 250, and 300-word formats. these essays provide a clear understanding of ai’s transformative potential, challenges, and significance in the modern world. whether you're looking for a short overview or a detailed analysis, this page covers it all.",0
"climate change represents one of the most pressing threats to our planet, driven primarily by human activities that trap heat in earth's atmosphere. rising global temperatures, extreme weather, and ecosystem disruptions are no longer distant predictions—they're unfolding realities. understanding its causes, impacts, and solutions empowers us to act decisively.",1
"federated learning for privacy-preserving ml federated learning trains models across decentralized devices—like smartphones in indore's diverse user base—without sharing raw data, aggregating updates via secure aggregation to build robust recsys or forecasting models while complying with gdpr/dpdp privacy laws, ideal for your internship matching system using fastapi endpoints that federate embeddings from sqlite edges. clients compute gradients locally with transformers or lstms on sparse datasets, sending only model deltas to a central server via flower or tensorflow federated frameworks, slashing bandwidth 90% and enabling personalized predictions like cinema turnout without centralizing sensitive profiles [ from prior]. in 2026 trends, it integrates with diffusion for on-device generation and gans for synthetic data augmentation, deployed in docker containers on render for scalable testing with postman; challenges like non-iid data are tackled via fedprox or chi-square personalization, powering real-world apps in healthcare diagnostics or traffic optimization amid india's 5g boom—empowering late-night devs to create ethical, efficient ml that scales securely from hackathons to enterprise.",1
"chiarenza was born in rochester, new york in 1935,[1] to parents that had immigrated there from italy.[2] he studied with minor white and ralph hattersley at the rochester institute of technology. he was active in boston, massachusetts for three decades, beginning in 1957. he earned a ph.d. from harvard university in 1973,[3] and was professor of art history at boston university until 1986.[4] he became a professor of art history at the university of rochester beginning in 1986, where he eventually became chair of art and art history.[5] he is currently professor emeritus and artist in residence there.[3]",0
